,value
reporting_economies,96
residual_evaluable,51
admitted,25
net_exporters,3
accounting_panel,22
crude_exporting_importers,4
destination_systems,18
contracting_destinations,7
mean_import_retention,0.8341634995885988
mean_availability_retention,0.9581510920385435
gap_positive,7
gap_positive_binomial_p,0.0078125
gap_wilcoxon_p,0.0078125
gap_positive_all_destinations,9
median_gap_all_destinations,0.008407064141329301
flow_weighted_import_retention,0.882245175108155
flow_weighted_availability_retention,0.968222933770059
flow_weighted_gap,0.08597775866190394
destination_contracting,7
destination_shortfall,385.95070000000004
destination_margin_stock,0.6024207089569633
destination_margin_production,0.018747860801910713
destination_margin_export,0.06506349126973987
destination_d_availability,-121.0989556835637
pooled_contracting,8
pooled_shortfall,779.57145
pooled_margin_stock,2.64546886428935
pooled_margin_production,0.5090439753790359
pooled_margin_export,-1.6541406820375468
pooled_d_availability,390.0758484639002
largest_drawer_share,0.8872612680743867
cover_economies,17
cover_min_days,2.160224464029112
cover_max_days,167.23033579989124
cover_margin_n,6
cover_margin_rho,-0.028571428571428574
cover_margin_p,0.9571545189504373
horizon_economies,9
horizon_min_months,4.177097752775897
horizon_max_months,52.38027133050016
horizon_flagged,CH
destination_inventory_adjustment,232.5046943164363
destination_stock_released,223.8855430107527
destination_released_share,0.9629291299643481
destination_economies_releasing,6
pooled_inventory_adjustment,2062.331998463902
pooled_stock_released,1590.0452204301075
pooled_released_share,0.7709938174912815
pooled_economies_releasing,7
historical_economy_years,45
historical_economies,17
historical_gap_positive,24
historical_mean_gap,0.01802431329197889
event_mean_gap,0.12398759244994474
difference_in_means,0.10596327915796586
pooled_mann_whitney_p,0.002419374851627124
year_level_rank,1
year_level_n,7
year_level_p,0.14285714285714285
economy_level_n,7
economy_level_above_own,6
economy_level_mean_deviation,0.07141395801415541
economy_level_binomial_p,0.0625
economy_level_wilcoxon_p,0.015625
permutation_draws,20000
permutation_null_mean,0.04389399571642266
clustered_permutation_p,0.004749762511874406
reversion_n,18
reversion_slope,0.18850321930493877
reversion_stderr,0.042338715204601717
reversion_r,0.7438786749383378
expanding_tail_n,7
expanding_tail_gap_negative,6
closure_3pct_contracting,6
closure_3pct_gap_positive,6
closure_10pct_contracting,7
closure_10pct_gap_positive,7
contraction_90_n,4
contraction_90_p,0.0625
contraction_95_n,7
contraction_95_p,0.0078125
contraction_98_n,9
contraction_98_p,0.01953125
march_window_contracting,6
march_window_gap_positive,6
march_window_mean_availability_retention,0.9433374061836418
day_weighted_contracting,8
day_weighted_gap_positive,8
day_weighted_p,0.00390625
day_weighted_mean_import_retention,0.8461816820628312
day_weighted_mean_availability_retention,0.9738144380756629
maritime_destinations,13
maritime_contracting,5
maritime_gap_positive,5
maritime_p,0.03125
flag_panel_assessed,0.7459415584415584
flag_panel_unassessed,0.2353896103896104
flag_outside_unassessed,0.7936776061776062
flag_baseline_unassessed,0.23376623376623376
flag_acute_unassessed,0.237012987012987
flag_stockch_assessed,0.4375
flag_imports_assessed,0.8863636363636364
flag_wholly_unassessed,BN ID
flag_contracting_assessed,6
flag_gap_positive_assessed,6
flag_p_assessed,0.015625
flag_import_retention_assessed,0.848982009694736
flag_availability_retention_assessed,0.9610179389096764
severity_matched_economies,7
severity_matched_higher,7
severity_matched_p,0.0078125
severity_matched_gap_2026,0.12398759244994474
severity_matched_gap_history,0.015445220759560669
severity_range_low,0.6404692530907095
severity_range_high,0.9473391122377346
severity_range_comparisons,39
severity_range_difference,0.10198134646974723
severity_range_p,0.007749612519374031
window_primary_positive,7
window_primary_p,0.0078125
window_primary_import_retention,0.8319882631672072
window_primary_availability_retention,0.9577141358503151
window_primary_gap,0.12572587268310778
window_baseline_four_month_positive,7
window_baseline_four_month_p,0.0078125
window_baseline_four_month_import_retention,0.843886607718708
window_baseline_four_month_availability_retention,0.9478472827089062
window_baseline_four_month_gap,0.10396067499019805
window_baseline_calendar_2025_positive,7
window_baseline_calendar_2025_p,0.0078125
window_baseline_calendar_2025_import_retention,0.8960838087938987
window_baseline_calendar_2025_availability_retention,0.9760234887412979
window_baseline_calendar_2025_gap,0.07993967994739919
window_month_03_positive,4
window_month_03_p,0.5
window_month_03_import_retention,0.8883118125366494
window_month_03_availability_retention,0.932432706366269
window_month_03_gap,0.04412089382961959
window_month_04_positive,5
window_month_04_p,0.2265625
window_month_04_import_retention,0.8355691483516454
window_month_04_availability_retention,0.9292547903088068
window_month_04_gap,0.09368564195716121
window_month_05_positive,6
window_month_05_p,0.0625
window_month_05_import_retention,0.8285228904080736
window_month_05_availability_retention,0.9852554379872586
window_month_05_gap,0.15673254757918512
window_cumulative_03_positive,4
window_cumulative_03_p,0.5
window_cumulative_03_import_retention,0.8883118125366494
window_cumulative_03_availability_retention,0.932432706366269
window_cumulative_03_gap,0.04412089382961959
window_cumulative_04_positive,5
window_cumulative_04_p,0.2265625
window_cumulative_04_import_retention,0.8623727973636967
window_cumulative_04_availability_retention,0.9308697968298122
window_cumulative_04_gap,0.06849699946611547
window_cumulative_05_positive,7
window_cumulative_05_p,0.0078125
window_cumulative_05_import_retention,0.8509668504547366
window_cumulative_05_availability_retention,0.9491953933067778
window_cumulative_05_gap,0.0982285428520411
