date,event,evidence,source_title,source_url,use_in_manuscript
2026-02-28,Disruption onset,The U.S.-Israeli war with Iran began; later reporting dates the effective closure and benchmark dispute from this point.,Reuters: Mercuria sues Baltic Exchange over Hormuz freight losses,https://www.reuters.com/world/middle-east/trader-mercuria-sues-baltic-exchange-over-hormuz-freight-losses-court-filing-2026-05-01/,Anchor the start of the disruption window.
2026-03-03,Immediate oil-price response,Brent rose nearly 5% to about USD 81.40 as the conflict elevated supply and shipping risk.,Reuters: Oil rises as expanding conflict elevates supply risks,https://www.reuters.com/business/energy/oil-rises-expanding-us-israeli-conflict-with-iran-elevates-supply-risks-2026-03-03/,Document the early market reaction.
2026-03-06,Seafarer fatalities and shipping danger,"IMO reported at least four seafarers killed and roughly 20,000 stranded in the region.",IMO Secretary-General statement on Strait of Hormuz seafarer deaths,https://www.imo.org/en/mediacentre/pressbriefings/pages/imo-secretary-general-statement-strait-of-hormuz-seafarer-deaths-unacceptable.aspx,Establish the physical and human-risk channel.
2026-03-06,Freight-rate spike,"Baltic Exchange TD3C reached WS473.33 and USD 485,959/day TCE.","Baltic Exchange Tanker Report, Week 10",https://www.balticexchange.com/en/data-services/WeeklyRoundup/tanker/news/2026/tanker-report-week-10.html,Quantify the transport-cost shock.
2026-03-11,Emergency stock response,IEA member countries announced a 400 million barrel emergency oil-stock release.,IEA: historic release of emergency oil stocks,https://www.iea.org/news/new-podcast-episode-delves-into-iea-s-historic-release-of-emergency-oil-stocks,Connect the disruption to coordinated stock policy.
2026-03-27,Benchmark continuity problem,"With Hormuz transits extremely limited, Baltic Exchange introduced a public trial of TD34 while TD3C remained at WS366.","Baltic Exchange Tanker Report, Week 13",https://www.balticexchange.com/en/data-services/WeeklyRoundup/tanker/news/2026/tanker-report-week-13.html,Flag that the standard route benchmark was operating under exceptional conditions.
2026-04-17,IEA assessment,IEA described the plunge in shipping through Hormuz as the largest oil-supply disruption in history.,IEA podcast: mounting disruptions in oil markets,https://www.iea.org/news/new-podcast-episode-examines-mounting-disruptions-in-oil-markets,Provide an authoritative characterization of severity.
2026-04-30,Freight-benchmark legal challenge,Mercuria filed a claim challenging the TD3C benchmark during the effective closure of the strait.,Reuters: Mercuria sues Baltic Exchange over Hormuz freight losses,https://www.reuters.com/world/middle-east/trader-mercuria-sues-baltic-exchange-over-hormuz-freight-losses-court-filing-2026-05-01/,Support a caveat on benchmark interpretation.
2026-05-31,Persistent transport impairment,"PortWatch recorded only 40 Tanker-category transits in May, versus 1,217 in February.",IMF PortWatch Strait of Hormuz chokepoint indicators,https://data-download.imf.org/climatedata/portwatch-chokepoints-indicators.html?portid=chokepoint6,Document persistence through the end of the study window.
