REF_AREA,CLOSTLV,REFINOBS,days_cover
ID,0.0,866.2914499999999,0.0
CH,147.4,68.23365,2.160224464029112
BE,3250.17,580.85605,5.595482736213215
IE,899.1400000000001,58.8198,15.2863491545364
GR,8512.35,469.02825,18.148906808918227
SE,8059.095,375.10665,21.4848097201156
GB,21232.97,881.5068,24.087131262061735
PT,4001.91,166.0566,24.099674448350743
DK,3714.48,149.9812,24.766304043440112
NL,28035.48,1033.67155,27.122232395774073
BG,3111.585,113.45455000000001,27.42582822813188
ES,31543.6,1106.2449,28.514120155491792
AT,4853.145,170.08929999999998,28.53292358778595
FI,6725.125,190.84820000000002,35.2380845090496
US,691167.5,16121.5478,42.87227929814531
SK,6323.46,107.0239,59.0845596170575
TR,50775.615000000005,766.8133,66.21639843753363
CZ,9459.395,138.4509,68.32310226946882
DE,137690.02500000002,1688.78235,81.53213171608527
PL,47831.3,531.64035,89.96928092459498
HU,10959.19,72.71735000000001,150.70942491716212
HR,6134.686,36.68405,167.23033579989124
