country_iso2,country_iso3,country_name,dependence,dep_lower,dep_upper,n_hist_years,hist_mean_retention,hist_median_retention,hist_sd_retention,retention_2026,anomaly_vs_mean,anomaly_vs_median,baseline_kbd_2026
JP,JPN,Japan,0.6629,0.432,0.8938,5,0.9532,0.9461,0.0378,0.5743,-0.3789,-0.3718,2545.93
PH,PHL,Philippines,0.6541,0.3972,0.9109,4,0.7746,0.7408,0.5569,2.1466,1.372,1.4058,79.96
KR,KOR,Rep. of Korea,0.5372,0.4091,0.6653,5,0.9698,0.9866,0.0353,0.7865,-0.1833,-0.2001,2954.66
MY,MYS,Malaysia,0.4393,0.3096,0.569,4,1.4565,1.0479,0.9603,0.5897,-0.8668,-0.4582,324.85
PL,POL,Poland,0.4095,0.3882,0.4308,5,0.9943,0.955,0.1147,0.8227,-0.1716,-0.1323,491.83
LT,LTU,Lithuania,0.4028,0.3818,0.4238,5,1.0328,1.066,0.1484,0.8888,-0.144,-0.1772,202.29
GR,GRC,Greece,0.2604,0.0795,0.4413,5,0.9488,0.9887,0.1376,0.92,-0.0288,-0.0687,497.8
BG,BGR,Bulgaria,0.2129,0.1203,0.3055,5,0.9763,1.1366,0.351,1.0825,0.1062,-0.0541,115.14
ID,IDN,Indonesia,0.1569,0.1487,0.165,5,1.0133,1.0168,0.0791,0.8338,-0.1795,-0.183,385.43
AT,AUT,Austria,0.126,0.1041,0.1479,5,0.8837,0.957,0.2054,0.9547,0.071,-0.0023,152.19
US,USA,USA,0.0575,0.0385,0.0764,5,0.9882,0.991,0.0263,0.9632,-0.025,-0.0278,6463.04
NL,NLD,Netherlands,0.0557,0.0099,0.1016,5,0.9561,1.0166,0.0901,1.0132,0.0571,-0.0034,1137.25
DE,DEU,Germany,0.0334,0.007,0.0599,5,1.0065,1.0252,0.0365,0.9495,-0.057,-0.0757,1605.23
DK,DNK,Denmark,0.0136,0.0,0.0272,5,1.0192,0.9885,0.1344,1.0299,0.0107,0.0414,101.35
AU,AUS,Australia,0.0008,0.0,0.0016,5,1.0322,1.073,0.1734,1.0462,0.014,-0.0268,173.58
CL,CHL,Chile,0.0,0.0,0.0,5,0.9443,0.8861,0.1585,0.8944,-0.0499,0.0083,201.21
CH,CHE,Switzerland,0.0,0.0,0.0,5,0.9479,0.9749,0.2399,0.9699,0.022,-0.005,67.26
IE,IRL,Ireland,0.0,0.0,0.0,5,1.0222,1.0825,0.1994,0.8838,-0.1384,-0.1987,62.11
HU,HUN,Hungary,0.0,0.0,0.0,5,0.9358,0.9153,0.1428,2.7949,1.8591,1.8796,22.94
NO,NOR,Norway,0.0,0.0,0.0,5,0.5824,0.5227,0.3567,12.836,12.2536,12.3133,1.49
PT,PRT,Portugal,0.0,0.0,0.0,5,1.0744,1.0727,0.1148,1.2184,0.144,0.1457,171.03
