country_iso2,status,reports_crude,n_months_closure,mean_abs_resid_pct
AE,not_computable,True,0,
AL,not_computable,True,0,
AM,not_computable,True,0,
AO,not_computable,True,0,
AT,sample,True,5,2.579614938002444
AU,not_closed,True,5,63.38923821440312
AZ,partial_months,True,2,0.14007547218166033
BD,not_computable,True,0,
BE,sample,True,5,0.6355572376397951
BG,sample,True,5,0.32567665333147156
BH,partial_months,True,4,1.3311884001630494
BM,not_computable,True,0,
BN,sample,True,5,1.8220570226574473
BY,not_computable,True,0,
CA,not_closed,True,5,7.3262237714288885
CH,sample,True,5,3.201056630193605
CL,partial_months,True,4,13.145456235990665
CN,partial_months,True,2,0.00024233777275030002
CY,not_computable,True,5,
CZ,sample,True,5,0.5372773509128723
DE,sample,True,5,1.8697810264599368
DK,sample,True,5,1.242962404126382
DZ,not_closed,True,5,5.499604731146041
EC,not_computable,True,0,
EE,not_computable,True,5,
EG,not_computable,True,0,
ES,sample,True,5,1.082297930223742
FI,sample,True,5,2.1709771948995966
FR,not_closed,True,5,5.289278466855928
GA,not_computable,True,0,
GB,sample,True,5,0.5056985777328065
GE,not_computable,True,0,
GM,not_computable,True,0,
GQ,not_computable,True,0,
GR,sample,True,5,0.2565102109788199
HK,not_computable,True,0,
HR,sample,True,5,0.2460913664009512
HU,sample,True,5,0.7144296445942178
ID,sample,True,5,0.0016056253183384668
IE,sample,True,5,1.7198218691299239
IN,not_computable,True,0,
IQ,not_computable,True,0,
IR,not_computable,True,0,
IS,not_computable,True,5,
IT,not_closed,True,5,7.273660523058979
JP,not_closed,True,5,17.103189362578668
KR,not_closed,True,5,5.01861175851649
KW,exporter_excluded,True,5,0.021722170999392103
KZ,not_computable,True,0,
LT,partial_months,True,4,0.09717124395686323
LU,not_computable,True,5,
LV,not_computable,True,5,
LY,not_computable,True,0,
MA,not_computable,True,0,
MD,not_computable,True,0,
MK,not_computable,True,0,
MM,not_computable,True,0,
MT,not_computable,True,0,
MU,not_computable,True,0,
MX,partial_months,True,4,7.785735312803234
MY,not_computable,True,0,
NE,not_computable,True,0,
NG,exporter_excluded,True,5,0.06408455172156248
NL,sample,True,5,0.8551799357774073
NO,not_closed,True,5,32.622646486957606
NP,not_computable,True,0,
NZ,not_closed,True,5,100.0
OM,not_computable,True,0,
PE,not_computable,True,0,
PG,not_computable,True,0,
PH,not_computable,True,0,
PL,sample,True,5,0.7004259442074762
PT,sample,True,5,0.5427481401722154
QA,not_computable,True,0,
RO,partial_months,True,2,9.476817721301812
RS,partial_months,True,4,3.885518653954879
RU,not_computable,True,0,
SA,exporter_excluded,True,5,0.03259391251403606
SD,not_computable,True,0,
SE,sample,True,5,0.42701637088538397
SG,not_computable,True,0,
SI,not_computable,True,5,
SK,sample,True,5,1.9828376506515735
SY,not_computable,True,0,
SZ,not_computable,True,0,
TH,partial_months,True,4,12.789935601778115
TJ,not_computable,True,0,
TN,not_computable,True,0,
TR,sample,True,5,0.7443715020559918
TW,not_computable,True,0,
UA,not_computable,True,0,
US,sample,True,5,4.711620471900295
VE,not_closed,True,5,100.0
VN,not_computable,True,0,
YE,not_computable,True,0,
ZA,not_computable,True,0,
