country_iso2,CLOSTLV,acute_draw_kbd,H_correct,draw_share_of_intake,stable,acute_level,horizon_baseline,horizon_prospective,consumed_share
IE,899.14,7.0807,4.1634,0.1204,True,574.86,4.1634,2.6618,0.3607
PT,4001.91,30.7955,4.2607,0.1855,True,3537.6,4.2607,3.7664,0.116
BG,3111.585,12.2285,8.3427,0.1078,True,2961.32,8.3427,7.9399,0.0483
GR,8512.35,27.7484,10.058,0.0592,True,10516.99,10.058,12.4266,-0.2355
PL,47831.3,70.4905,22.2475,0.1326,True,43409.3,22.2475,20.1908,0.0924
CH,147.4,0.206,23.4552,0.003,False,184.25,23.4552,29.319,-0.25
CZ,9459.395,10.3338,30.0124,0.0746,True,8210.18,30.0124,26.049,0.1321
DE,137690.025,108.026,41.7902,0.064,True,131023.86,41.7902,39.767,0.0484
HR,6134.686,3.8526,52.2085,0.105,True,7358.656,52.2085,62.625,-0.1995
