country_iso2,window,baseline_imports_kbd,baseline_availability_kbd,d_imports_kbd,d_exports_kbd,d_production_kbd,d_stockdraw_kbd,d_availability_kbd,import_retention,availability_retention,region,class,nu_net_import_share,pi_production_share,chi_export_throughput,population,gap,acute_stockch_kbd,CLOSTLV,days_cover,acute_draw_kbd,H_correct,H_old
AT,AprMay,152.19,165.77,5.25,0.0,0.18,-9.05,-3.62,1.0345,0.9782,Europe,import-dependent destination,0.9180923185074672,0.0511500911972558,0.0,primary,-0.0563,3.9504784946236557,4853.145,28.53292358778595,-3.9504784946236557,,
BE,AprMay,587.91,584.4,54.83,0.0,0.0,-2.46,52.36,1.0933,1.0896,Europe,import-dependent destination,1.0060223461856377,0.0,0.0,primary,-0.0037,5.983172043010752,3250.17,5.595482736213215,-5.983172043010752,,
BG,AprMay,115.14,113.07,-4.68,0.0,0.0,14.29,9.6,0.9593,1.0849,Europe,import-dependent destination,1.0182225535136311,0.0,0.0,primary,0.1255999999999999,-12.228489247311828,3111.585,27.42582822813188,12.228489247311828,8.370189290499857,7.162685076056132
CH,AprMay,67.26,66.04,-4.24,0.0,0.0,1.43,-2.81,0.937,0.9575,Europe,import-dependent destination,1.0185149583969262,0.0,0.0,primary,0.0204999999999999,-0.20604301075268816,147.4,2.160224464029112,0.20604301075268816,23.532388663967616,3.390688259109312
CZ,AprMay,167.93,139.2,-60.38,0.0,-0.16,40.43,-20.11,0.6405,0.8555,Europe,import-dependent destination,1.2064080825354022,0.0097974899346086,0.0,primary,0.215,-10.333849462365592,9459.395,68.32310226946882,10.333849462365592,30.11117109299322,7.696371734121354
DE,AprMay,1605.23,1677.35,-84.53,0.0,-4.59,68.25,-20.87,0.9473,0.9876,Europe,import-dependent destination,0.9570052863771314,0.019281617350085,0.0,primary,0.0403,-108.02597311827957,137690.02500000002,81.53213171608527,108.02597311827957,41.927668017382345,66.36303499132448
DK,AprMay,101.35,147.87,20.87,1.17,-5.79,-9.85,4.06,1.2059,1.0275,Europe,integrated high-throughput system,0.4933438347902414,0.5147522419382496,0.160013760165167,high-throughput,-0.1783999999999999,11.051037634408605,3714.48,24.766304043440112,-11.051037634408605,,
ES,AprMay,1184.63,1118.4,113.83,0.0,0.0,-46.51,67.32,1.0961,1.0602,Europe,import-dependent destination,1.0592169700189098,0.0,0.0,primary,-0.0359,112.73326344086021,31543.6,28.514120155491792,-112.73326344086021,,
FI,AprMay,191.41,186.79,-89.09,0.0,0.0,-13.73,-102.82,0.5346,0.4496,Europe,import-dependent destination,1.0247051109568817,0.0,0.0,primary,-0.0849999999999999,18.34575268817204,6725.125,35.2380845090496,-18.34575268817204,,
GB,AprMay,746.32,876.16,-1.58,-14.35,-31.37,-12.36,-30.97,0.9979,0.9647,Europe,integrated high-throughput system,0.3147130786643434,0.6758479520089274,0.3515834958382771,high-throughput,-0.0332,4.089161290322579,21232.97,24.08713126206173,-4.089161290322579,,
GR,AprMay,497.8,470.25,-45.4,0.0,0.58,55.42,10.61,0.9088,1.0226,Europe,import-dependent destination,1.0585785167832114,0.0002745342138853,0.0,primary,0.1137999999999999,-27.74844623655914,8512.35,18.148906808918227,27.74844623655914,10.09106999255958,5.052535423274896
HR,AprMay,14.24,36.68,42.67,0.0,0.18,-9.41,33.44,3.9966,1.9115,Europe,import-dependent destination,0.3881185789842449,0.2503201616243841,0.0,primary,-2.0851,-3.8525741935483873,6134.686,167.23033579989124,3.8525741935483873,52.38027133050016,
HU,AprMay,22.94,73.33,56.36,-1.45,-2.79,-51.05,3.97,3.4566,1.0541,Europe,mixed production/import system,0.2931253525624224,0.3557955158468413,0.0295256159242943,primary,-2.4025,25.307629032258063,10959.19,150.70942491716212,-25.307629032258063,,
ID,AprMay,385.43,866.31,-98.19,-25.11,10.9,11.02,-51.16,0.7453,0.941,Asia-Pacific,mixed production/import system,0.4046078403987517,0.6204428106492371,0.0378269133721719,primary,0.1956999999999999,10.679569892473118,0.0,0.0,-10.679569892473118,,0.0
IE,AprMay,62.11,57.75,-10.67,0.0,0.0,11.44,0.77,0.8281,1.0133,Europe,import-dependent destination,1.0755036485059093,0.0,0.0,primary,0.1852000000000001,-7.080747311827958,899.1400000000001,15.2863491545364,7.080747311827958,4.177097752775897,2.585399797570851
NL,AprMay,1137.25,1140.09,17.1,1.93,-1.02,-82.66,-68.51,1.015,0.9399,Europe,import-dependent destination,0.9975096314647794,0.0068098977136622,0.0,primary,-0.0750999999999999,87.58809139784947,28035.48,27.122232395774077,-87.58809139784947,,
PL,AprMay,491.83,534.0,-82.54,0.0,0.51,44.51,-37.53,0.8322,0.9297,Europe,import-dependent destination,0.9210219199933716,0.0303233203168881,0.0,primary,0.0974999999999999,-70.49048387096775,47831.3,89.96928092459498,70.49048387096775,22.320715363450784,35.349315351961124
PT,AprMay,171.03,166.96,20.3,0.0,0.0,34.86,55.16,1.1187,1.3304,Europe,import-dependent destination,1.0243592351841455,0.0,0.0,primary,0.2117,-30.79550537634409,4001.91,24.099674448350743,30.79550537634409,4.27470745185145,3.7762988042395147
SE,AprMay,333.51,373.51,76.88,0.0,0.0,-56.13,20.75,1.2305,1.0555,Europe,import-dependent destination,0.8929176333550483,0.0,0.0,primary,-0.1749999999999998,16.134752688172043,8059.095,21.4848097201156,-16.134752688172043,,
SK,AprMay,74.98,107.48,69.53,0.0,0.0,-54.0,15.53,1.9273,1.1445,Europe,import-dependent destination,0.6976615345738205,0.0,0.0,primary,-0.7827999999999999,21.507720430107526,6323.46,59.0845596170575,-21.507720430107526,,
TR,AprMay,653.71,769.07,-14.85,0.0,1.83,-8.45,-21.46,0.9773,0.9721,Europe,import-dependent destination,0.8499944616679947,0.1564696470534995,0.0,primary,-0.0051999999999999,13.420532258064517,50775.615000000005,66.21639843753363,-13.420532258064517,,
US,AprMay,6463.04,15301.86,-393.62,1314.63,389.6,1829.83,511.17,0.9391,1.0334,Americas,integrated high-throughput system,0.1522408182827236,0.8780605682487558,0.2077224835050495,high-throughput,0.0943,-1366.159677419355,691167.5,42.87227929814531,1366.159677419355,16.642105166844885,12.4250739283517
