country_iso2,window,baseline_imports_kbd,baseline_availability_kbd,d_imports_kbd,d_exports_kbd,d_production_kbd,d_stockdraw_kbd,d_availability_kbd,import_retention,availability_retention,region,class,nu_net_import_share,pi_production_share,chi_gross_export,population,gap,class_new,adm_new,pop_new,contracts,dependence,dep_lower,dep_upper,d_avail_norm,stock_norm
AT,AprMay,152.19,165.77,5.25,0.0,0.18,-9.05,-3.62,1.0345,0.9782,Europe,import-dependent destination,0.9180923185074672,0.0511500911972558,0.0,primary,-0.0563,import-dependent destination,True,destination,False,0.126,0.1041,0.1479,-0.02183748567292031,-0.05459371418230078
BG,AprMay,115.14,113.07,-4.68,0.0,0.0,14.29,9.6,0.9593,1.0849,Europe,import-dependent destination,1.0182225535136311,0.0,0.0,primary,0.1255999999999999,import-dependent destination,True,destination,False,0.2129,0.1203,0.3055,0.08490315733616344,0.12638188732643496
CH,AprMay,67.26,66.04,-4.24,0.0,0.0,1.43,-2.81,0.937,0.9575,Europe,import-dependent destination,1.0185149583969262,0.0,0.0,primary,0.0204999999999999,import-dependent destination,True,destination,True,0.0,0.0,0.0,-0.04254996971532404,0.02165354330708661
DE,AprMay,1605.23,1677.35,-84.53,0.0,-4.59,68.25,-20.87,0.9473,0.9876,Europe,import-dependent destination,0.9570052863771314,0.019281617350085,0.0,primary,0.0403,import-dependent destination,True,destination,True,0.0334,0.007,0.0599,-0.01244224520821534,0.04068918234119295
DK,AprMay,101.35,147.87,20.87,1.17,-5.79,-9.85,4.06,1.2059,1.0275,Europe,crude-exporting importer,0.4933438347902414,0.5147522419382496,0.160013760165167,crude-exporting importer,-0.1783999999999999,crude-exporting importer,True,crude-exporting,False,0.0136,0.0,0.0272,0.027456549672009195,-0.06661256509095827
GR,AprMay,497.8,470.25,-45.4,0.0,0.58,55.42,10.61,0.9088,1.0226,Europe,import-dependent destination,1.0585785167832114,0.0002745342138853,0.0,primary,0.1137999999999999,import-dependent destination,True,destination,True,0.2604,0.0795,0.4413,0.022562466772993086,0.1178522062732589
HU,AprMay,22.94,73.33,56.36,-1.45,-2.79,-51.05,3.97,3.4566,1.0541,Europe,mixed production/import system,0.2931253525624224,0.3557955158468413,0.0295256159242943,primary,-2.4025,mixed production/import system,True,destination,False,0.0,0.0,0.0,0.05413882449202237,-0.6961680076367107
ID,AprMay,385.43,866.31,-98.19,-25.11,10.9,11.02,-51.16,0.7453,0.941,Asia-Pacific,mixed production/import system,0.4046078403987517,0.6204428106492371,0.0378269133721719,primary,0.1956999999999999,mixed production/import system,True,destination,True,0.1569,0.1487,0.165,-0.05905507266451963,0.012720619639620921
IE,AprMay,62.11,57.75,-10.67,0.0,0.0,11.44,0.77,0.8281,1.0133,Europe,import-dependent destination,1.0755036485059093,0.0,0.0,primary,0.1852000000000001,import-dependent destination,True,destination,True,0.0,0.0,0.0,0.013333333333333334,0.19809523809523807
NL,AprMay,1137.25,1140.09,17.1,1.93,-1.02,-82.66,-68.51,1.015,0.9399,Europe,import-dependent destination,0.9975096314647794,0.0068098977136622,0.0,primary,-0.0750999999999999,import-dependent destination,True,destination,False,0.0557,0.0099,0.1016,-0.060091747142769436,-0.07250304800498207
PL,AprMay,491.83,534.0,-82.54,0.0,0.51,44.51,-37.53,0.8322,0.9297,Europe,import-dependent destination,0.9210219199933716,0.0303233203168881,0.0,primary,0.0974999999999999,import-dependent destination,True,destination,True,0.4095,0.3882,0.4308,-0.0702808988764045,0.08335205992509363
PT,AprMay,171.03,166.96,20.3,0.0,0.0,34.86,55.16,1.1187,1.3304,Europe,import-dependent destination,1.0243592351841455,0.0,0.0,primary,0.2117,import-dependent destination,True,destination,False,0.0,0.0,0.0,0.3303785337805462,0.2087925251557259
US,AprMay,6463.04,15301.86,-393.62,1314.63,389.6,1829.83,511.17,0.9391,1.0334,Americas,crude-exporting importer,0.1522408182827236,0.8780605682487558,0.2077224835050495,crude-exporting importer,0.0943,crude-exporting importer,True,crude-exporting,True,0.0575,0.0385,0.0764,0.03340574283126365,0.11958219458288076
