economy,episode,import_retention,availability_retention,gap,d_imports,d_stockdraw,d_production,d_exports,acute_release
AT,Hormuz 2026,1.034479563948551,0.9781569473107122,-0.05632261663783866,5.24754999999999,-9.049193932411676,0.18070000000000164,0.0,0.0
BE,Hormuz 2026,1.093259641218269,1.0896053985798442,-0.0036542426384247317,54.828700000000026,-2.463742319508449,0.0,0.0,0.0
BG,Hormuz 2026,0.9593121295383116,1.0849386245347654,0.12562649499645384,-4.684600000000017,14.288996159754227,0.0,0.0,12.228489247311828
CH,Hormuz 2026,0.9369860406751741,0.9574544115962574,0.020468370921083334,-4.238299999999995,1.4287158218125957,0.0,0.0,0.20604301075268816
CZ,Hormuz 2026,0.6404692530907095,0.8555404093650495,0.21507115627434004,-60.37625,40.42943125960061,-0.16179999999999994,0.0,10.333849462365592
DE,Hormuz 2026,0.9473391122377346,0.9875559975558735,0.04021688531813894,-84.53279999999995,68.25089823348694,-4.5909999999999975,0.0,108.02597311827957
ES,Hormuz 2026,1.0960858434935055,1.060193802110803,-0.03589204138270241,113.82574999999997,-46.505152841781864,0.0,0.0,0.0
FR,Hormuz 2026,0.9607487413007018,1.01092962257874,0.050180881278038325,-38.43464999999992,44.4820821812596,-0.19284999999999997,-4.60625,17.19270430107527
GR,Hormuz 2026,0.9088012970732183,1.022557961229899,0.11375666415668062,-45.39850000000001,55.42415476190476,0.5822499999999999,0.0,27.74844623655914
HR,Hormuz 2026,3.9966462397499605,1.9114596160447312,-2.085186623705229,42.6655,-9.4109465437788,0.1814499999999999,0.0,3.8525741935483873
HU,Hormuz 2026,3.4566495656456904,1.054127978896967,-2.4025215867487235,56.360699999999994,-51.05168433179723,-2.787600000000001,-1.4477,0.0
ID,Hormuz 2026,0.7452524389517752,0.9409500108117468,0.1956975718599716,-98.18655000000001,11.02204301075269,10.897649999999999,-25.111299999999996,0.0
IE,Hormuz 2026,0.8281271636465515,1.013273083450355,0.18514591980380346,-10.674300000000002,11.440764592933949,0.0,0.0,7.080747311827958
NL,Hormuz 2026,1.015040343326053,0.9399055300624535,-0.07513481326359961,17.10465000000022,-82.66343701996928,-1.0207500000000005,1.9336,0.0
PL,Hormuz 2026,0.8321691914450287,0.9297257702606241,0.09755657881559543,-82.54400000000004,44.50868663594471,0.5086499999999994,0.0,70.49048387096775
PT,Hormuz 2026,1.1186979933619774,1.3303939696586884,0.211695976296711,20.300899999999984,34.86259062980031,0.0,0.0,30.79550537634409
SE,Hormuz 2026,1.2305081264551685,1.0555442187841675,-0.174963907671001,76.87665000000004,-56.130587941628264,0.0,0.0,0.0
SK,Hormuz 2026,1.9273319899015897,1.144509509510883,-0.7828224803907067,69.5333,-54.00194854070661,0.0,0.0,0.0
TR,Hormuz 2026,0.9772844176226465,0.9720912638678743,-0.005193153754772251,-14.849299999999971,-8.449178571428572,1.834699999999998,0.0,0.0
AT,Russia 2022-23,2.015713561112299,1.5402860197748334,-0.4754275413374658,83.80484999999999,-22.91803955453149,-0.26154999999999795,0.0,0.0
BE,Russia 2022-23,1.0384779647592848,1.032998553482079,-0.005479411277205859,23.032699999999977,-3.1435710445468503,0.0,0.0,0.989176267281106
BG,Russia 2022-23,0.7827830450504806,0.8650130211803333,0.08222997612985272,-35.317750000000004,15.069567972350232,0.0,0.0,2.478519585253456
CH,Russia 2022-23,0.804604067043851,0.8085513059154198,0.003947238871568781,-11.042850000000001,0.026604454685099865,0.0,0.0,1.052857142857143
CZ,Russia 2022-23,1.0163122675524252,0.8992926170703857,-0.11701965048203955,2.6423499999999933,-19.705693164362522,0.05235000000000012,0.0,0.0
DE,Russia 2022-23,0.8376048278754438,0.8515569304470194,0.013952102571575642,-307.02225,27.081919738863288,-0.5914499999999947,0.0,0.0
DK,Russia 2022-23,1.0928982509286758,1.2309699554550826,0.13807170452640682,7.421199999999999,24.06542741935484,0.709549999999993,4.1053,9.004475806451612
ES,Russia 2022-23,1.099394038617587,1.0211512233990916,-0.07824281521849552,116.19920000000002,-90.59156451612904,0.0,0.0,0.0
FI,Russia 2022-23,1.4148126126460914,1.123082380228239,-0.29173023241785234,61.39319999999998,-37.97446274961597,0.0,0.0,4.2920910138248844
GR,Russia 2022-23,1.0748615165536843,1.1130987498494913,0.03823723329580697,32.03145000000006,14.707735023041472,0.6205499999999999,0.0,5.578444700460828
HU,Russia 2022-23,1.2805907193968542,1.072658878643023,-0.2079318407538313,28.22534999999999,-9.73185291858679,-0.5274999999999999,8.60115,0.4118029953917053
ID,Russia 2022-23,0.8451568797330606,1.0520961316193975,0.20693925188633688,-56.262,85.15019201228878,22.820150000000012,7.778949999999995,2.6319124423963096
IE,Russia 2022-23,0.8913073749804181,0.929974722789219,0.03866734780880088,-7.493399999999994,11.251703149001537,0.0,8.32095,7.46764400921659
JP,Russia 2022-23,1.030018792308674,1.0305111832664102,0.0004923909577361218,80.01684999999998,3.4503713517665062,0.22420000000000018,0.0,77.84774769585253
KR,Russia 2022-23,1.083739700259956,1.023423817521525,-0.06031588273843114,221.31314999999995,-158.9760510752688,-0.12285,0.0,0.0
LT,Russia 2022-23,0.92019439783782,0.922101474698395,0.0019070768605750077,-14.483399999999989,-0.13960829493087612,0.017349999999999977,-0.1452,4.381682027649769
NL,Russia 2022-23,0.9730268229640345,1.09386585344872,0.12083903048468547,-29.161550000000034,128.29035983102918,-0.026650000000000063,0.0,95.94160714285714
PL,Russia 2022-23,0.9282632810768396,0.9810039173697396,0.052740636292899934,-40.26274999999998,26.551811827957003,3.7928000000000015,0.45280000000000076,0.7132258064516179
PT,Russia 2022-23,1.0983760948091743,1.1412443856930083,0.04286829088383404,17.590600000000023,7.076501920122888,0.0,0.0,2.90809331797235
RO,Russia 2022-23,0.8601884606956139,0.934209583316976,0.07402112262136207,-27.465900000000033,11.095813940092164,-0.9666500000000013,-0.23229999999999995,13.97676555299539
SE,Russia 2022-23,1.4574237612563625,1.5361957739525063,0.07877201269614376,110.40540000000004,24.545156682027653,0.0,0.0,34.86315668202765
SK,Russia 2022-23,0.8627717413964192,0.8351055307050246,-0.027666210691394633,-16.456550000000007,-3.68952841781874,0.0,0.0,0.0
TH,Russia 2022-23,1.1146830446376066,1.1237645996092043,0.009081554971597683,102.63,10.223725038402463,22.76770000000002,15.395499999999998,0.0
TR,Russia 2022-23,0.7522634887718974,0.8246660964829905,0.07240260771109308,-175.73400000000004,43.80564976958525,-0.017850000000009913,0.0,15.18152073732719
AT,Red Sea 2023-24,0.8940650210783849,0.926260177137595,0.032195156059210084,-17.029799999999966,4.2617291434927695,0.5060000000000002,0.0,1.2542936596218022
BE,Red Sea 2023-24,1.0876355272271523,1.058975710456501,-0.028659816770651325,51.267799999999966,-16.49642102335929,0.0,0.0,0.0
BG,Red Sea 2023-24,0.7575765342465207,0.7875722277393538,0.029995693492833042,-36.41534999999999,5.6694030404152755,0.0,0.0,0.1916073414905446
CH,Red Sea 2023-24,0.9944970050478223,1.0125903184370608,0.018093313389238475,-0.32945000000000135,1.072024842417501,0.0,0.0,0.18445494994438272
CZ,Red Sea 2023-24,0.9324701304158,1.0059783914121037,0.0735082609963037,-11.298749999999984,12.067862625139043,0.14744999999999986,0.0,0.0
DE,Red Sea 2023-24,1.13119758837797,1.135788280974852,0.004590692596882162,194.07664999999997,19.060891360771222,-0.6783500000000018,5.46805,32.15254727474972
DK,Red Sea 2023-24,0.9840823377672926,0.881129106438469,-0.10295323132882361,-1.5599500000000006,-10.211562662217277,-4.822649999999996,3.3206999999999995,2.7176362625139046
ES,Red Sea 2023-24,1.1056873948798043,1.0805968851965804,-0.025090509683223905,132.6871000000001,-30.018198553948828,0.0,0.0,0.0
GR,Red Sea 2023-24,0.9691006048848502,1.0283578697545945,0.059257264869744364,-16.080449999999985,33.77520430107527,0.2620999999999998,3.685,15.453225806451613
HU,Red Sea 2023-24,0.9394995234725931,1.027609602813568,0.08811007934097481,-8.255650000000003,12.060074527252503,0.32069999999999865,0.0,5.427074527252502
ID,Red Sea 2023-24,0.8866001566985975,0.9150171982093682,0.028417041510770735,-42.39325000000002,-19.31989247311828,-12.792599999999993,3.5288500000000056,0.0
IE,Red Sea 2023-24,1.0789025554453877,0.9739268076520006,-0.10497574779338714,4.281300000000002,-5.74966573971079,0.0,0.0,0.0
IT,Red Sea 2023-24,0.8537219604394687,0.8694719296604052,0.01574996922093652,-203.1928499999999,1.8012367445309607,17.883099999999985,0.8915499999999987,0.0
JP,Red Sea 2023-24,0.9724047498284926,1.042947503019479,0.07054275319098646,-69.93434999999954,174.63620800889876,0.17789999999999973,0.0,79.25414349276974
KR,Red Sea 2023-24,1.0334291818814976,0.9604645494958657,-0.07296463238563189,92.21094999999968,-204.41133592880976,0.0,0.0,0.0
LT,Red Sea 2023-24,1.0047544611357868,0.9644134228623005,-0.04034103827348634,0.8305000000000291,-8.177651093807935,0.008349999999999969,-0.85165,0.0
NL,Red Sea 2023-24,0.903354384692226,0.8917920032662361,-0.011562381425989865,-115.10645,-16.3387461994809,0.10159999999999947,0.0,0.4180978865406004
PL,Red Sea 2023-24,1.1938158160303736,1.089679311578604,-0.10413650445176947,89.06675000000001,-49.42258602150538,3.4590999999999994,1.3130499999999996,0.0
PT,Red Sea 2023-24,1.2866682572575177,1.3048757374742017,0.018207480216684058,42.774,3.535796440489433,0.0,0.0,6.222280311457174
SE,Red Sea 2023-24,1.1605896702654726,1.2666899623324583,0.10610029206698579,56.791750000000036,24.64673377827216,0.0,0.0,0.0
SK,Red Sea 2023-24,0.9249408351568725,0.8779430660758609,-0.04699776908101161,-8.038450000000012,-4.515730441230998,0.0,0.0,0.0
TH,Red Sea 2023-24,1.0434643145808542,1.0512769037569831,0.007812589176128926,40.02735000000007,9.98114632925473,10.569200000000023,8.068750000000003,0.0
TR,Red Sea 2023-24,0.8061880455605788,0.8546140812869107,0.04842603572633197,-138.31769999999995,11.96320152020764,9.875599999999991,0.0,15.24007786429366
