year,country_iso2,import_retention,availability_retention,wedge
2020,AT,0.8589747008097305,0.87256853533822,0.013593834528489501
2020,BE,0.9655085184171857,0.9455150944310875,-0.019993423986098158
2020,BG,0.7543408098651248,0.6185546194832092,-0.13578619038191553
2020,BN,1.0146451280077435,0.98915285456114,-0.02549227344660354
2020,CH,1.0015539131772493,0.9660366037664243,-0.03551730941082498
2020,CZ,0.42810418397667904,0.3796540777528141,-0.04845010622386492
2020,DE,0.8733091257563099,0.8853308245455862,0.01202169878927628
2020,DK,1.1667794602825479,0.8960806965017899,-0.27069876378075797
2020,ES,0.8869669974602786,0.8597555241668848,-0.027211473293393795
2020,FI,0.8077310449346762,0.6749024174622602,-0.13282862747241597
2020,GB,0.6117215756836587,0.7237725043447846,0.11205092866112587
2020,GR,0.9928579152511581,1.075811405976227,0.08295349072506886
2020,HR,2.539124066207705,16.7150655977955,14.175941531587796
2020,HU,1.0886245864253057,1.0096440077012443,-0.07898057872406139
2020,ID,0.748123813400605,0.8866041092253671,0.13848029582476218
2020,IE,1.1754752416047456,0.8460077320578153,-0.32946750954693027
2020,NL,0.9089397240579244,0.7884436767446713,-0.12049604731325314
2020,PL,0.8371672423555014,0.8962084014502478,0.05904115909474639
2020,PT,0.5017901441013265,0.4543291582000422,-0.04746098590128428
2020,SE,1.1996666910592817,0.9122990095616321,-0.2873676814976496
2020,SK,0.9097923844877341,0.8695720439314103,-0.04022034055632384
2020,TR,0.9212831229893913,0.9198674269076224,-0.0014156960817689468
2020,US,0.8996511021191844,0.818781633049797,-0.08086946906938741
2021,AT,1.0987737915938645,1.0506439356843256,-0.04812985590953889
2021,BE,0.9047359577889043,0.898876293333585,-0.005859664455319269
2021,BG,1.0702779315715318,1.0946883032959793,0.024410371724447488
2021,BN,1.467901473850216,1.0882794148009292,-0.3796220590492869
2021,CH,0.6415730348307432,0.6716920340758127,0.030118999245069444
2021,CZ,1.123337884223628,1.0132684966255419,-0.11006938759808604
2021,DE,1.0301785494538775,1.0318060808035716,0.0016275313496940669
2021,DK,0.9025237830828059,1.067402838913335,0.1648790558305291
2021,ES,1.0225735464302435,1.0249973859399988,0.0024238395097553322
2021,FI,0.16841291281444026,0.18621300838276483,0.01780009556832457
2021,GB,1.651164383853127,1.1942246903093674,-0.4569396935437595
2021,GR,1.0535807955911207,1.017979664105023,-0.03560113148609778
2021,HR,2.11166186199888,107.86788004798096,105.75621818598208
2021,HU,0.6987769608019341,0.6372933869362959,-0.061483573865638186
2021,ID,0.7481258733877462,1.001644931761571,0.2535190583738248
2021,IE,1.1492455457552184,1.117093601255987,-0.03215194449923153
2021,NL,1.0100781797847938,1.0032458118152465,-0.006832367969547226
2021,PL,0.9450480315391392,1.0369216088111626,0.09187357727202339
2021,PT,0.9447525333202699,0.9225905950472805,-0.0221619382729894
2021,SE,1.0751794229929938,1.022095708106755,-0.053083714886238864
2021,SK,1.0511699506266061,0.972874122524454,-0.07829582810215208
2021,TR,1.48111626175754,1.3557038537529769,-0.1254124080045631
2021,US,1.0196261155849264,1.1373085330960464,0.11768241751111996
2022,AT,0.3640767045859223,0.4464388901313966,0.08236218554547431
2022,BE,0.7709302632334707,0.7523536216504676,-0.018576641583003095
2022,BG,1.3358084176839686,1.1231509120769663,-0.21265750560700236
2022,BN,1.0969888728038864,1.104972181243154,0.007983308439267756
2022,CH,0.9497557587420152,0.9819909922818136,0.0322352335397984
2022,CZ,0.9295515726715755,0.8367236241892586,-0.0928279484823169
2022,DE,1.051129981882293,1.044192819075634,-0.006937162806659014
2022,DK,1.1363214483489543,1.035705755494343,-0.10061569285461136
2022,ES,1.0900723113236153,1.1009178607110537,0.010845549387438425
2022,FI,0.9635617460195633,0.9693002971067817,0.005738551087218324
2022,GB,1.0578462612825474,1.05384264746118,-0.004003613821367491
2022,GR,1.046151726819237,1.0897824531873854,0.043630726368148354
2022,HU,0.9960118790291128,0.8986470833570884,-0.09736479567202438
2022,ID,1.196621535768814,0.9332415124795613,-0.2633800232892526
2022,IE,1.169384220154918,0.9722216430245474,-0.19716257713037066
2022,NL,0.9231210969102196,1.095194374697603,0.17207327778738335
2022,PL,1.040915045282673,0.9980748891461916,-0.0428401561364814
2022,PT,1.1066675684120684,1.0827405369109369,-0.023927031501131513
2022,SE,1.0963996268761849,1.0683604403036013,-0.02803918657258353
2022,SK,1.073136282635679,0.9476553784666878,-0.12548090416899116
2022,TR,1.1694725242053283,1.1198647442085707,-0.049607779996757584
2022,US,0.9748305484706347,1.026324183368339,0.05149363489770431
2023,AT,0.9402188160651109,1.013854194993882,0.07363537892877103
2023,BE,0.9408611832895035,0.9404101036448329,-0.00045107964467061556
2023,BG,0.7431244956758748,0.7358542684022225,-0.007270227273652341
2023,BN,0.5750378257917984,0.6518517775303242,0.07681395173852579
2023,CH,1.1889079969388023,1.1922371458286978,0.003329148889895439
2023,CZ,0.8311861666134153,0.9761755232880054,0.14498935667459012
2023,DE,0.9470327726669643,0.9089317663720297,-0.038101006294934625
2023,DK,1.0337243124648867,0.9956582689786864,-0.03806604348620035
2023,ES,0.9806649991381227,0.9981997156413084,0.01753471650318572
2023,FI,0.9208065409253163,0.9114715236933235,-0.009335017231992815
2023,GB,1.043536442781006,1.0133126716366576,-0.030223771144348488
2023,GR,0.9082879709506803,0.9512946864329366,0.04300671548225632
2023,HU,1.1228109126096169,1.0549531826305023,-0.06785772997911454
2023,ID,1.0164575832729814,1.0786630158970452,0.06220543262406375
2023,IE,1.1498686690166289,1.0387441173116274,-0.11112455170500146
2023,NL,1.054859364322116,0.9556499605203512,-0.0992094038017648
2023,PL,0.9222979246707906,0.9785140860406121,0.05621616136982144
2023,PT,1.0419956079496824,1.04337233089558,0.0013767229458976349
2023,SE,1.023052066285564,0.8420200065031325,-0.18103205978243153
2023,SK,0.9386567076904192,0.8360117131230587,-0.10264499456736054
2023,TR,1.0088049742843515,1.022533915174977,0.013728940890625596
2023,US,0.9812212655059136,1.061154390966042,0.07993312546012832
2024,AT,0.9934911460801114,0.9893646904645589,-0.004126455615552471
2024,BE,0.9660563425438572,1.0002765708256265,0.034220228281769294
2024,BG,1.301713687664463,1.2863882740140233,-0.015325413650439712
2024,BN,1.2251462890286562,0.9950558697265276,-0.2300904193021286
2024,CH,0.5045303037810338,0.532827915131684,0.02829761135065023
2024,CZ,0.5875380810057425,0.49340464760631547,-0.09413343339942698
2024,DE,1.0226421412037412,1.0108611393528262,-0.011781001850915018
2024,DK,0.9368791881067491,0.8532033237273438,-0.08367586437940533
2024,ES,1.063785145848658,0.9880195345541863,-0.07576561129447168
2024,FI,0.18950013887223524,0.227989331432243,0.03848919256000777
2024,GB,1.1627369033607104,0.9961560178015796,-0.16658088555913086
2024,GR,1.039411388495272,0.995281976873234,-0.044129411622037984
2024,HR,7.537944118661609,6.84947448276383,-0.6884696358977793
2024,HU,0.9083746293885429,0.8773036969747896,-0.03107093241375325
2024,ID,0.8523743499873057,0.9354301220006591,0.08305577201335346
2024,IE,0.8292675844138984,0.8463841503692796,0.017116565955381247
2024,NL,0.8179476188187982,0.748637464204899,-0.06931015461389922
2024,PL,0.9754926085926249,1.0097255075217169,0.03423289892909198
2024,PT,1.337755124364012,1.195124317661474,-0.14263080670253792
2024,SE,1.006363950995141,0.967199295342515,-0.039164655652625946
2024,SK,0.823262807854919,1.0843956484256243,0.2611328405707053
2024,TR,1.1779898528187707,1.1191897357015466,-0.058800117117224104
2024,US,1.0356332437130187,1.0765841277131583,0.040950884000139576
2025,AT,0.928858130773716,0.9737028150322198,0.04484468425850374
2025,BE,1.1020165730876175,1.1100418480774856,0.008025274989868159
2025,BG,0.6795094773457536,0.4595540571716315,-0.21995542017412212
2025,BN,1.3915938653750901,0.9253363447141447,-0.4662575206609454
2025,CH,1.093189166871373,1.0664190717407807,-0.026770095130592253
2025,CZ,0.946478018830722,0.9870311698964732,0.04055315106575119
2025,DE,1.0065165261120288,1.0090899572275436,0.0025734311155147793
2025,DK,1.3747222014203693,1.003345241284572,-0.37137696013579724
2025,ES,0.9026100073510144,0.8953095509617426,-0.007300456389271792
2025,FI,1.0479262417937358,1.1253337578253906,0.07740751603165474
2025,GB,1.0682280915293998,1.0180929292090164,-0.0501351623203834
2025,GR,0.7093893623086368,0.7951447191347133,0.08575535682607649
2025,HR,0.867546644059331,0.9516845166228425,0.08413787256351146
2025,HU,0.985552482645316,1.0216665213717775,0.03611403872646146
2025,ID,1.001595371046599,1.0792335823559067,0.0776382113093077
2025,IE,0.8352062540395002,0.9561601521392362,0.120953898099736
2025,NL,1.0109645130985723,0.9444796342529167,-0.06648487884565557
2025,PL,1.188529344737523,1.0764705654917859,-0.11205877924573704
2025,PT,0.9200814433300201,0.9543491674912778,0.034267724161257784
2025,SE,0.9729847260796608,0.7511051140732405,-0.22187961200642026
2025,SK,1.0056456275942225,1.0862720809656325,0.08062645337141006
2025,TR,1.1280883326271478,1.1479804573422174,0.019892124715069626
2025,US,0.9683717025830869,1.0461882493934405,0.07781654681035355
2026,AT,1.034479563948551,0.9781569473107122,-0.05632261663783866
2026,BE,1.093259641218269,1.0896053985798442,-0.0036542426384247317
2026,BG,0.9593121295383116,1.0849386245347654,0.12562649499645384
2026,BN,1.7046998279646437,0.974368481894385,-0.7303313460702587
2026,CH,0.9369860406751741,0.9574544115962574,0.020468370921083334
2026,CZ,0.6404692530907095,0.8555404093650495,0.21507115627434004
2026,DE,0.9473391122377346,0.9875559975558735,0.04021688531813894
2026,DK,1.2059481846369398,1.0274734484633148,-0.17847473617362497
2026,ES,1.0960858434935055,1.060193802110803,-0.03589204138270241
2026,FI,0.5345665299776341,0.4495586860662028,-0.08500784391143129
2026,GB,0.9978824179185712,0.9646576248543279,-0.03322479306424331
2026,GR,0.9088012970732183,1.022557961229899,0.11375666415668062
2026,HR,3.9966462397499605,1.9114596160447312,-2.085186623705229
2026,HU,3.4566495656456904,1.054127978896967,-2.4025215867487235
2026,ID,0.7452524389517752,0.9409500108117468,0.1956975718599716
2026,IE,0.8281271636465515,1.013273083450355,0.18514591980380346
2026,NL,1.015040343326053,0.9399055300624535,-0.07513481326359961
2026,PL,0.8321691914450287,0.9297257702606241,0.09755657881559543
2026,PT,1.1186979933619774,1.3303939696586884,0.211695976296711
2026,SE,1.2305081264551685,1.0555442187841675,-0.174963907671001
2026,SK,1.9273319899015897,1.144509509510883,-0.7828224803907067
2026,TR,0.9772844176226465,0.9720912638678743,-0.005193153754772251
2026,US,0.9390966312526676,1.0334060530275244,0.0943094217748568
