country_iso2,production,imports,exports,stockch,net_imports,availability,nu_net_import_share,pi_production_share,chi_gross_export,class,in_closure_set
US,13435.9614,6463.0374,4133.4694500000005,463.66762672811063,2329.5679499999997,15301.86172327189,0.1522408182827236,0.8780605682487558,0.20772248350504952,crude-exporting importer,True
GB,592.1492000000001,746.3229,470.5847,-8.270023041474655,275.7382,876.1574230414747,0.3147130786643434,0.6758479520089274,0.3515834958382771,crude-exporting importer,True
BN,102.65135000000001,87.6564,68.40755,-63.88625115207374,19.248850000000004,185.78645115207374,0.10360739376115237,0.5525233372156709,0.35945751026955025,crude-exporting importer,True
DK,76.11855,101.35024999999999,28.39745,1.1972004608294933,72.9528,147.8741495391705,0.49334383479024146,0.5147522419382496,0.16001376016516708,crude-exporting importer,True
CN,4433.7358,12027.215400000001,24.3038,0.0,12002.911600000001,16436.6474,0.7302530320143024,0.26974696798569764,0.00147645173749133,import-dependent destination,False
JP,3.3750999999999998,2545.9274,0.0,-149.51845046082948,2545.9274,2698.82095046083,0.9433480200178812,0.0012505831479571454,0.0,import-dependent destination,False
DE,32.34195,1605.2293,0.0,-39.77507488479263,1605.2293,1677.3463248847927,0.9570052863771314,0.01928161735008504,0.0,import-dependent destination,True
NL,7.7639000000000005,1137.2513,0.0,4.924654377880188,1137.2513,1140.0905456221196,0.9975096314647794,0.006809897713662233,0.0,import-dependent destination,True
ES,0.0,1184.6255999999998,0.0,66.22811059907835,1184.6255999999998,1118.3974894009216,1.0592169700189098,0.0,0.0,import-dependent destination,True
TR,120.33615,653.70545,0.0,4.971353686635944,653.70545,769.0702463133641,0.8499944616679947,0.1564696470534995,0.0,import-dependent destination,True
BE,0.0,587.91455,0.0,3.519429723502303,587.91455,584.3951202764977,1.0060223461856375,0.0,0.0,import-dependent destination,True
PL,16.19275,491.82865000000004,0.0,-25.98179723502304,491.82865000000004,534.0031972350231,0.9210219199933716,0.030323320316888138,0.0,import-dependent destination,True
GR,0.1291,497.79765,0.0,27.67570852534562,497.79765,470.25104147465436,1.0585785167832114,0.00027453421388532584,0.0,import-dependent destination,True
SE,0.0,333.5095,0.0,-39.99583525345622,333.5095,373.5053352534562,0.8929176333550483,0.0,0.0,import-dependent destination,True
FI,0.0,191.4077,0.0,4.614740783410138,191.4077,186.79295921658988,1.0247051109568817,0.0,0.0,import-dependent destination,False
PT,0.0,171.02985,0.0,4.06708525345622,171.02985,166.9627647465438,1.0243592351841455,0.0,0.0,import-dependent destination,True
AT,8.479199999999999,152.19305,0.0,-5.0987154377880195,152.19305,165.77096543778802,0.9180923185074671,0.05115009119725581,0.0,import-dependent destination,True
CZ,1.3638,167.9307,0.0,30.09558179723502,167.9307,139.198918202765,1.2064080825354022,0.00979748993460863,0.0,import-dependent destination,True
BG,0.0,115.13505,0.0,2.060506912442399,115.13505,113.0745430875576,1.0182225535136311,0.0,0.0,import-dependent destination,True
SK,0.0,74.9821,0.0,-32.49422811059908,74.9821,107.47632811059908,0.6976615345738205,0.0,0.0,import-dependent destination,True
CH,0.0,67.2597,0.0,1.2226728110599077,67.2597,66.03702718894009,1.0185149583969262,0.0,0.0,import-dependent destination,True
IE,0.0,62.1058,0.0,4.360017281105991,62.1058,57.74578271889401,1.0755036485059093,0.0,0.0,import-dependent destination,True
HR,9.18275,14.23775,0.0,-13.263520737327188,14.23775,36.68402073732719,0.3881185789842449,0.25032016162438414,0.0,import-dependent destination,True
ID,537.4954,385.42685,34.9113,21.701612903225808,350.51555,866.3093370967742,0.4046078403987517,0.6204428106492371,0.037826913372171915,mixed production/import system,True
HU,26.0899,22.9421,1.4477,-25.74405529953917,21.4944,73.32835529953917,0.29312535256242245,0.3557955158468413,0.02952561592429434,mixed production/import system,True
SA,10491.0,90.5,7134.5,300.4009216589862,-7044.0,3146.599078341014,-2.23860740584524,3.3340758510395245,0.6742427822142418,net exporter / upstream system,True
KW,2580.0,0.0,1233.5,0.0,-1233.5,1346.5,-0.9160787226141849,1.9160787226141849,0.47810077519379846,net exporter / upstream system,True
NG,1386.5,87.5,1071.0,48.44988479262673,-983.5,354.55011520737327,-2.773937894293898,3.9105896191545395,0.7265943012211669,net exporter / upstream system,True
IN,558.34715,5064.7226,,94.7057142857143,,,,,,not classifiable,False
