country_iso2,window,baseline_imports_kbd,baseline_availability_kbd,d_imports_kbd,d_exports_kbd,d_production_kbd,d_stockdraw_kbd,d_availability_kbd,import_retention,availability_retention,region,class,nu_net_import_share,pi_production_share,chi_gross_export,population,gap,class_new,adm_new,pop_new
AT,AprMay,152.19,165.77,5.25,0.0,0.18,-9.05,-3.62,1.0345,0.9782,Europe,import-dependent destination,0.9180923185074672,0.0511500911972558,0.0,primary,-0.0563,import-dependent destination,True,destination
BE,AprMay,587.91,584.4,54.83,0.0,0.0,-2.46,52.36,1.0933,1.0896,Europe,import-dependent destination,1.0060223461856377,0.0,0.0,primary,-0.0037,import-dependent destination,True,destination
BG,AprMay,115.14,113.07,-4.68,0.0,0.0,14.29,9.6,0.9593,1.0849,Europe,import-dependent destination,1.0182225535136311,0.0,0.0,primary,0.1255999999999999,import-dependent destination,True,destination
BN,AprMay,87.66,185.79,61.77,-8.48,-20.12,-54.88,-4.76,1.7047,0.9744,Americas,crude-exporting importer,0.1036073937611523,0.5525233372156709,0.3594575102695502,crude-exporting importer,-0.7303000000000001,crude-exporting importer,True,crude-exporting
CH,AprMay,67.26,66.04,-4.24,0.0,0.0,1.43,-2.81,0.937,0.9575,Europe,import-dependent destination,1.0185149583969262,0.0,0.0,primary,0.0204999999999999,import-dependent destination,True,destination
CZ,AprMay,167.93,139.2,-60.38,0.0,-0.16,40.43,-20.11,0.6405,0.8555,Europe,import-dependent destination,1.2064080825354022,0.0097974899346086,0.0,primary,0.215,import-dependent destination,True,destination
DE,AprMay,1605.23,1677.35,-84.53,0.0,-4.59,68.25,-20.87,0.9473,0.9876,Europe,import-dependent destination,0.9570052863771314,0.019281617350085,0.0,primary,0.0403,import-dependent destination,True,destination
DK,AprMay,101.35,147.87,20.87,1.17,-5.79,-9.85,4.06,1.2059,1.0275,Europe,crude-exporting importer,0.4933438347902414,0.5147522419382496,0.160013760165167,crude-exporting importer,-0.1783999999999999,crude-exporting importer,True,crude-exporting
ES,AprMay,1184.63,1118.4,113.83,0.0,0.0,-46.51,67.32,1.0961,1.0602,Europe,import-dependent destination,1.0592169700189098,0.0,0.0,primary,-0.0359,import-dependent destination,True,destination
FI,AprMay,191.41,186.79,-89.09,0.0,0.0,-13.73,-102.82,0.5346,0.4496,Europe,import-dependent destination,1.0247051109568817,0.0,0.0,other,-0.0849999999999999,import-dependent destination,False,not admissible
GB,AprMay,746.32,876.16,-1.58,-14.35,-31.37,-12.36,-30.97,0.9979,0.9647,Europe,crude-exporting importer,0.3147130786643434,0.6758479520089274,0.3515834958382771,crude-exporting importer,-0.0332,crude-exporting importer,True,crude-exporting
GR,AprMay,497.8,470.25,-45.4,0.0,0.58,55.42,10.61,0.9088,1.0226,Europe,import-dependent destination,1.0585785167832114,0.0002745342138853,0.0,primary,0.1137999999999999,import-dependent destination,True,destination
HR,AprMay,14.24,36.68,42.67,0.0,0.18,-9.41,33.44,3.9966,1.9115,Europe,import-dependent destination,0.3881185789842449,0.2503201616243841,0.0,primary,-2.0851,import-dependent destination,True,destination
HU,AprMay,22.94,73.33,56.36,-1.45,-2.79,-51.05,3.97,3.4566,1.0541,Europe,mixed production/import system,0.2931253525624224,0.3557955158468413,0.0295256159242943,primary,-2.4025,mixed production/import system,True,destination
ID,AprMay,385.43,866.31,-98.19,-25.11,10.9,11.02,-51.16,0.7453,0.941,Asia-Pacific,mixed production/import system,0.4046078403987517,0.6204428106492371,0.0378269133721719,primary,0.1956999999999999,mixed production/import system,True,destination
IE,AprMay,62.11,57.75,-10.67,0.0,0.0,11.44,0.77,0.8281,1.0133,Europe,import-dependent destination,1.0755036485059093,0.0,0.0,primary,0.1852000000000001,import-dependent destination,True,destination
NL,AprMay,1137.25,1140.09,17.1,1.93,-1.02,-82.66,-68.51,1.015,0.9399,Europe,import-dependent destination,0.9975096314647794,0.0068098977136622,0.0,primary,-0.0750999999999999,import-dependent destination,True,destination
PL,AprMay,491.83,534.0,-82.54,0.0,0.51,44.51,-37.53,0.8322,0.9297,Europe,import-dependent destination,0.9210219199933716,0.0303233203168881,0.0,primary,0.0974999999999999,import-dependent destination,True,destination
PT,AprMay,171.03,166.96,20.3,0.0,0.0,34.86,55.16,1.1187,1.3304,Europe,import-dependent destination,1.0243592351841455,0.0,0.0,primary,0.2117,import-dependent destination,True,destination
SE,AprMay,333.51,373.51,76.88,0.0,0.0,-56.13,20.75,1.2305,1.0555,Europe,import-dependent destination,0.8929176333550483,0.0,0.0,primary,-0.1749999999999998,import-dependent destination,True,destination
SK,AprMay,74.98,107.48,69.53,0.0,0.0,-54.0,15.53,1.9273,1.1445,Europe,import-dependent destination,0.6976615345738205,0.0,0.0,primary,-0.7827999999999999,import-dependent destination,True,destination
TR,AprMay,653.71,769.07,-14.85,0.0,1.83,-8.45,-21.46,0.9773,0.9721,Europe,import-dependent destination,0.8499944616679947,0.1564696470534995,0.0,primary,-0.0051999999999999,import-dependent destination,True,destination
US,AprMay,6463.04,15301.86,-393.62,1314.63,389.6,1829.83,511.17,0.9391,1.0334,Americas,crude-exporting importer,0.1522408182827236,0.8780605682487558,0.2077224835050495,crude-exporting importer,0.0943,crude-exporting importer,True,crude-exporting
